{
    "mse": 0.7759297662107479,
    "r2": 0.22474966906923344,
    "mae": 0.6765238083268064
}